{"count":1,"gauges":{"PaddleBreakout.CumulativeReward":{"count":33297,"max":520.519348,"min":11.6000175,"value":12.2000179,"weightedAverage":11.82502}},"self":2821.4622208,"total":8712.2867324,"children":{"AgentSendState":{"count":537734,"self":117.2449152,"total":2902.2737580999997,"children":{"CollectObservations":{"count":1720752,"self":15.9757824,"total":15.975782899999999,"children":null},"CollectDiscreteActionMasks":{"count":1720752,"self":13.5496144,"total":13.549613899999999,"children":null},"AgentInfo.ToProto":{"count":1720752,"self":60.394419199999994,"total":2755.5034428999998,"children":{"GenerateSensorData":{"count":1720752,"self":1997.1710976,"total":2695.1090255,"children":{"RayPerceptionSensor.Perceive":{"count":3441504,"self":697.9379712,"total":697.9379617,"children":null}}}}}}},"DecideAction":{"count":537734,"self":2953.9252223999997,"total":2953.9252154,"children":null},"AgentAct":{"count":537734,"self":15.1646928,"total":15.168691099999998,"children":{"AgentInfo.ToProto":{"count":4,"self":0,"total":0.0039987999999999994,"children":{"GenerateSensorData":{"count":4,"self":0.0010003,"total":0.0039987999999999994,"children":{"RayPerceptionSensor.Perceive":{"count":8,"self":0.0029985,"total":0.0029985,"children":null}}}}}}},"AgentInfo.ToProto":{"count":33293,"self":1.3537354,"total":19.452757,"children":{"GenerateSensorData":{"count":33293,"self":3.4190123999999997,"total":18.0990216,"children":{"RayPerceptionSensor.Perceive":{"count":66586,"self":14.6800096,"total":14.6800093,"children":null}}}}}}}