{"count":1,"gauges":{"PaddleBreakout.CumulativeReward":{"count":13825,"max":982.6074,"min":9.70000648,"value":31.1000748,"weightedAverage":25.8528919}},"self":2861.4457343999998,"total":5923.0229168,"children":{"AgentSendState":{"count":242167,"self":64.7783168,"total":1772.3281795999999,"children":{"CollectObservations":{"count":774944,"self":8.5861512,"total":8.5861512,"children":null},"CollectDiscreteActionMasks":{"count":774944,"self":7.3466711999999994,"total":7.3466708999999994,"children":null},"AgentInfo.ToProto":{"count":774944,"self":34.7475552,"total":1691.6170409,"children":{"GenerateSensorData":{"count":774944,"self":1483.214336,"total":1656.8694868,"children":{"RayPerceptionSensor.Perceive":{"count":774944,"self":173.6551168,"total":173.6551154,"children":null}}}}}}},"DecideAction":{"count":242167,"self":1269.907968,"total":1269.9079631,"children":null},"AgentAct":{"count":242167,"self":14.1422496,"total":14.142248799999999,"children":null},"AgentInfo.ToProto":{"count":13825,"self":0.7082254,"total":5.1958408,"children":{"GenerateSensorData":{"count":13825,"self":1.0306941,"total":4.4876154,"children":{"RayPerceptionSensor.Perceive":{"count":13825,"self":3.4569212,"total":3.4569213,"children":null}}}}}}}